Component,Mean_m,RMS_m,Std_m
East,38.210950,40.065201,12.047559
North,-8.305863,11.606936,8.107626
Up,0.419420,2.723744,2.691258
2D,39.757588,41.712604,12.620441
3D,39.880834,41.801437,12.525142
2D_max,61.904161,,
2D_min,19.474715,,
2D_95percentile,60.224546,,
3D_max,61.907717,,
3D_min,21.704864,,
3D_95percentile,60.227052,,
PDOP_mean,1.099878,1.096444,0.014711
HDOP_mean,0.653759,0.653278,0.002029
VDOP_mean,0.884458,0.880578,0.016651
