Component,Mean_m,RMS_m,Std_m
East,1.311636,2.111420,1.654601
North,-0.491155,0.974265,0.841403
Up,4.749256,5.968224,3.614452
2D,1.615210,2.325357,1.672837
3D,5.147468,6.405231,3.811897
2D_max,5.670484,,
2D_min,0.120081,,
2D_95percentile,5.199524,,
3D_max,19.092351,,
3D_min,1.358888,,
3D_95percentile,14.178614,,
PDOP_mean,1.435195,1.402184,0.052392
HDOP_mean,0.646057,0.633129,0.018337
VDOP_mean,1.281542,1.251114,0.049558
