Component,Mean_m,RMS_m,Std_m
East,31.588720,33.335822,10.650344
North,-12.416182,15.027723,8.465866
Up,7.500038,8.737546,4.482649
2D,34.620022,36.566508,11.771305
3D,35.687005,37.595934,11.827590
2D_max,54.476833,,
2D_min,19.517721,,
2D_95percentile,52.824187,,
3D_max,54.764421,,
3D_min,20.300084,,
3D_95percentile,53.436716,,
PDOP_mean,2.818036,2.796602,0.090293
HDOP_mean,1.276005,1.275772,0.001008
VDOP_mean,2.512251,2.488652,0.099416
